Modulo;Letra_HDR;Pieza_HDR;Largo_HDR_mm;Ancho_HDR_mm;Cantos_largos_HDR;Cantos_anchos_HDR;Pieza_PLUS;Largo_PLUS_mm;Ancho_PLUS_mm;Cantos_largos_PLUS;Cantos_anchos_PLUS;m2_HDR;m2_PLUS;m_canto_HDR;m_canto_PLUS;PDF_fuente
BFD15;A;BASE B;351,0000;585,6000;2.0;0.0;base;351,0000;585,6000;2;0;0,205546;0,205546;0,702000;0,702000;BFD15 MBLE INF COC 1 PUERTA 1 ENTREPAÑO CARB2 HDR V2001 Blanco.pdf
BFD15;B;SIDE R - R17L B;762,0000;609,6000;2.0;2.0;lateral;762,0000;609,6000;2;2;0,464515;0,464515;2,743200;2,743200;BFD15 MBLE INF COC 1 PUERTA 1 ENTREPAÑO CARB2 HDR V2001 Blanco.pdf
BFD15;C;SIDE L - R17L B;762,0000;609,6000;2.0;2.0;lateral;762,0000;609,6000;2;2;0,464515;0,464515;2,743200;2,743200;BFD15 MBLE INF COC 1 PUERTA 1 ENTREPAÑO CARB2 HDR V2001 Blanco.pdf
BFD15;D;RAIL DEL B;351,0000;80,0000;2.0;0.0;refuerzo_delantero;351,0000;80,0000;2;0;0,028080;0,028080;0,702000;0,702000;BFD15 MBLE INF COC 1 PUERTA 1 ENTREPAÑO CARB2 HDR V2001 Blanco.pdf
BFD15;E;RAIL TRAS P;351,0000;80,0000;2.0;0.0;refuerzo_trasero;351,0000;80,0000;2;0;0,028080;0,028080;0,702000;0,702000;BFD15 MBLE INF COC 1 PUERTA 1 ENTREPAÑO CARB2 HDR V2001 Blanco.pdf
BFD15;F;RAIL TRAS P;351,0000;80,0000;2.0;0.0;refuerzo_trasero;351,0000;80,0000;2;0;0,028080;0,028080;0,702000;0,702000;BFD15 MBLE INF COC 1 PUERTA 1 ENTREPAÑO CARB2 HDR V2001 Blanco.pdf
BFD15;G;SHLEF P;350,0000;558,8000;2.0;2.0;entrepano;350,0000;558,8000;2;2;0,195580;0,195580;1,817600;1,817600;BFD15 MBLE INF COC 1 PUERTA 1 ENTREPAÑO CARB2 HDR V2001 Blanco.pdf
BFD15;H;DOOR R C;758,8000;377,8000;2.0;2.0;frente;377,8000;758,8000;2;2;0,286675;0,286675;2,273200;2,273200;BFD15 MBLE INF COC 1 PUERTA 1 ENTREPAÑO CARB2 HDR V2001 Blanco.pdf
BFD15;I;BACKING F;760,0000;365,0000;0.0;0.0;fondo;760,0000;365,0000;0;0;0,277400;0,277400;0,000000;0,000000;BFD15 MBLE INF COC 1 PUERTA 1 ENTREPAÑO CARB2 HDR V2001 Blanco.pdf
BFD24;A;BASE B;579,6000;585,6000;2.0;0.0;base;579,6000;585,6000;2;0;0,339414;0,339414;1,159200;1,159200;BFD24 MBLE INF COC 2 PUERTAS 1 ENTREPAÑO CARB2 HDR V2001 Blanco.pdf
BFD24;B;SIDE R - R17L762 B;762,0000;609,6000;2.0;2.0;lateral;762,0000;609,6000;2;2;0,464515;0,464515;2,743200;2,743200;BFD24 MBLE INF COC 2 PUERTAS 1 ENTREPAÑO CARB2 HDR V2001 Blanco.pdf
BFD24;C;SIDE L - R17L762 B;762,0000;609,6000;2.0;2.0;lateral;762,0000;609,6000;2;2;0,464515;0,464515;2,743200;2,743200;BFD24 MBLE INF COC 2 PUERTAS 1 ENTREPAÑO CARB2 HDR V2001 Blanco.pdf
BFD24;D;RAIL DELANTERO B;579,6000;80,0000;2.0;0.0;refuerzo_delantero;579,6000;80,0000;2;0;0,046368;0,046368;1,159200;1,159200;BFD24 MBLE INF COC 2 PUERTAS 1 ENTREPAÑO CARB2 HDR V2001 Blanco.pdf
BFD24;E;RAIL TRASERO P;579,6000;80,0000;2.0;0.0;refuerzo_trasero;579,6000;80,0000;2;0;0,046368;0,046368;1,159200;1,159200;BFD24 MBLE INF COC 2 PUERTAS 1 ENTREPAÑO CARB2 HDR V2001 Blanco.pdf
BFD24;F;RAIL TRASERO P;579,6000;80,0000;2.0;0.0;refuerzo_trasero;579,6000;80,0000;2;0;0,046368;0,046368;1,159200;1,159200;BFD24 MBLE INF COC 2 PUERTAS 1 ENTREPAÑO CARB2 HDR V2001 Blanco.pdf
BFD24;G;SHELF 0 P;578,6000;558,8000;2.0;2.0;entrepano;578,6000;558,8000;2;2;0,323322;0,323322;2,274800;2,274800;BFD24 MBLE INF COC 2 PUERTAS 1 ENTREPAÑO CARB2 HDR V2001 Blanco.pdf
BFD24;H;DOOR R C;758,8000;301,6000;2.0;2.0;frente;301,6000;758,8000;2;2;0,228854;0,228854;2,120800;2,120800;BFD24 MBLE INF COC 2 PUERTAS 1 ENTREPAÑO CARB2 HDR V2001 Blanco.pdf
BFD24;I;DOOR L C;758,8000;301,6000;2.0;2.0;frente;301,6000;758,8000;2;2;0,228854;0,228854;2,120800;2,120800;BFD24 MBLE INF COC 2 PUERTAS 1 ENTREPAÑO CARB2 HDR V2001 Blanco.pdf
BFD24;J;BACKING F;760,0000;593,6000;0.0;0.0;fondo;760,0000;593,6000;0;0;0,451136;0,451136;0,000000;0,000000;BFD24 MBLE INF COC 2 PUERTAS 1 ENTREPAÑO CARB2 HDR V2001 Blanco.pdf
DB15-1S;A;BASE B;351,0000;585,6000;2.0;0.0;base;351,0000;585,6000;2;0;0,205546;0,205546;0,702000;0,702000;DB15-1S MBLE INF COC 3 GAVETAS 1 PEQUEÑA CARB2 HDR V2001 Blanco.pdf
DB15-1S;B;SIDE R - R17L762 B;762,0000;609,6000;2.0;2.0;lateral;762,0000;609,6000;2;2;0,464515;0,464515;2,743200;2,743200;DB15-1S MBLE INF COC 3 GAVETAS 1 PEQUEÑA CARB2 HDR V2001 Blanco.pdf
DB15-1S;C;SIDE L - R17L762 B;762,0000;609,6000;2.0;2.0;lateral;762,0000;609,6000;2;2;0,464515;0,464515;2,743200;2,743200;DB15-1S MBLE INF COC 3 GAVETAS 1 PEQUEÑA CARB2 HDR V2001 Blanco.pdf
DB15-1S;D;RAIL DELANTERO P;351,0000;80,0000;2.0;0.0;refuerzo_delantero;351,0000;80,0000;2;0;0,028080;0,028080;0,702000;0,702000;DB15-1S MBLE INF COC 3 GAVETAS 1 PEQUEÑA CARB2 HDR V2001 Blanco.pdf
DB15-1S;E;RAIL DELANTERO P;351,0000;80,0000;2.0;0.0;refuerzo_delantero;351,0000;80,0000;2;0;0,028080;0,028080;0,702000;0,702000;DB15-1S MBLE INF COC 3 GAVETAS 1 PEQUEÑA CARB2 HDR V2001 Blanco.pdf
DB15-1S;F;RAIL DELANTERO P;351,0000;80,0000;2.0;0.0;refuerzo_delantero;351,0000;80,0000;2;0;0,028080;0,028080;0,702000;0,702000;DB15-1S MBLE INF COC 3 GAVETAS 1 PEQUEÑA CARB2 HDR V2001 Blanco.pdf
DB15-1S;G;RAIL TRASERO P;351,0000;80,0000;2.0;0.0;refuerzo_trasero;351,0000;80,0000;2;0;0,028080;0,028080;0,702000;0,702000;DB15-1S MBLE INF COC 3 GAVETAS 1 PEQUEÑA CARB2 HDR V2001 Blanco.pdf
DB15-1S;H;RAIL TRASERO P;351,0000;80,0000;2.0;0.0;refuerzo_trasero;351,0000;80,0000;2;0;0,028080;0,028080;0,702000;0,702000;DB15-1S MBLE INF COC 3 GAVETAS 1 PEQUEÑA CARB2 HDR V2001 Blanco.pdf
DB15-1S;I;FONDO GAVETA SUP P;276,0000;492,0000;2.0;0.0;base_gaveta;276,0000;491,9980;2;0;0,135792;0,135791;0,552000;0,552000;DB15-1S MBLE INF COC 3 GAVETAS 1 PEQUEÑA CARB2 HDR V2001 Blanco.pdf
DB15-1S;J;FONDO GAVETA CENTRAL P;276,0000;492,0000;2.0;0.0;base_gaveta;276,0000;491,9980;2;0;0,135792;0,135791;0,552000;0,552000;DB15-1S MBLE INF COC 3 GAVETAS 1 PEQUEÑA CARB2 HDR V2001 Blanco.pdf
DB15-1S;K;FONDO GAVETA INF P;276,0000;492,0000;2.0;0.0;base_gaveta;276,0000;491,9980;2;0;0,135792;0,135791;0,552000;0,552000;DB15-1S MBLE INF COC 3 GAVETAS 1 PEQUEÑA CARB2 HDR V2001 Blanco.pdf
DB15-1S;L;TRASERO CAJON SUP P;264,0000;68,0000;1.0;0.0;trasero_gaveta_pequena;263,9822;68,0000;2;0;0,017952;0,017951;0,264000;0,527964;DB15-1S MBLE INF COC 3 GAVETAS 1 PEQUEÑA CARB2 HDR V2001 Blanco.pdf
DB15-1S;M;TRASERO CAJON CENTRAL P;264,0000;183,0000;1.0;0.0;trasero_gaveta_grande;263,9822;183,0000;2;0;0,048312;0,048309;0,264000;0,527964;DB15-1S MBLE INF COC 3 GAVETAS 1 PEQUEÑA CARB2 HDR V2001 Blanco.pdf
DB15-1S;N;TRASERO CAJON INF P;264,0000;183,0000;1.0;0.0;trasero_gaveta_grande;263,9822;183,0000;2;0;0,048312;0,048309;0,264000;0,527964;DB15-1S MBLE INF COC 3 GAVETAS 1 PEQUEÑA CARB2 HDR V2001 Blanco.pdf
DB15-1S;O;FRENTE GAVETA SUP C;152,4000;377,8000;2.0;2.0;frente_gaveta_pequena;377,8000;152,4000;2;2;0,057577;0,057577;1,060400;1,060400;DB15-1S MBLE INF COC 3 GAVETAS 1 PEQUEÑA CARB2 HDR V2001 Blanco.pdf
DB15-1S;P;FRENTE GAVETA CENTRAL C;300,0800;377,8000;2.0;2.0;frente_gaveta_grande;377,8000;300,0000;2;2;0,113370;0,113340;1,355760;1,355600;DB15-1S MBLE INF COC 3 GAVETAS 1 PEQUEÑA CARB2 HDR V2001 Blanco.pdf
DB15-1S;Q;FRENTE GAVETA INF C;300,0800;377,8000;2.0;2.0;frente_gaveta_grande;377,8000;300,0000;2;2;0,113370;0,113340;1,355760;1,355600;DB15-1S MBLE INF COC 3 GAVETAS 1 PEQUEÑA CARB2 HDR V2001 Blanco.pdf
DB15-1S;R;BACKING F;760,0000;365,0000;0.0;0.0;fondo;760,0000;365,0000;0;0;0,277400;0,277400;0,000000;0,000000;DB15-1S MBLE INF COC 3 GAVETAS 1 PEQUEÑA CARB2 HDR V2001 Blanco.pdf
SBFD33;A;BASE B;808,2000;585,6000;2.0;0.0;base;808,2000;585,6000;2;0;0,473282;0,473282;1,616400;1,616400;SBFD33 MBLE INF LVP 2 PUERTAS CARB2 HDR V2001 Blanco.pdf
SBFD33;B;SIDE R - R17L762 B;762,0000;609,6000;2.0;2.0;lateral;762,0000;609,6000;2;2;0,464515;0,464515;2,743200;2,743200;SBFD33 MBLE INF LVP 2 PUERTAS CARB2 HDR V2001 Blanco.pdf
SBFD33;C;SIDE L - R17L762 B;762,0000;609,6000;2.0;2.0;lateral;762,0000;609,6000;2;2;0,464515;0,464515;2,743200;2,743200;SBFD33 MBLE INF LVP 2 PUERTAS CARB2 HDR V2001 Blanco.pdf
SBFD33;D;RAIL DELANTERO B;808,2000;128,0000;2.0;0.0;refuerzo_delantero;808,2000;128,0000;2;0;0,103450;0,103450;1,616400;1,616400;SBFD33 MBLE INF LVP 2 PUERTAS CARB2 HDR V2001 Blanco.pdf
SBFD33;E;RAIL TRASERO P;808,2000;80,0000;2.0;0.0;refuerzo_trasero;808,2000;80,0000;2;0;0,064656;0,064656;1,616400;1,616400;SBFD33 MBLE INF LVP 2 PUERTAS CARB2 HDR V2001 Blanco.pdf
SBFD33;F;RAIL TRASERO P;808,2000;80,0000;2.0;0.0;refuerzo_trasero;808,2000;80,0000;2;0;0,064656;0,064656;1,616400;1,616400;SBFD33 MBLE INF LVP 2 PUERTAS CARB2 HDR V2001 Blanco.pdf
SBFD33;G;DOOR R C;758,8000;415,9000;2.0;2.0;frente;415,9000;758,8000;2;2;0,315585;0,315585;2,349400;2,349400;SBFD33 MBLE INF LVP 2 PUERTAS CARB2 HDR V2001 Blanco.pdf
SBFD33;H;DOOR L C;758,8000;415,9000;2.0;2.0;frente;415,9000;758,8000;2;2;0,315585;0,315585;2,349400;2,349400;SBFD33 MBLE INF LVP 2 PUERTAS CARB2 HDR V2001 Blanco.pdf
SBFD33;I;BACKING F;760,0000;822,2000;0.0;0.0;fondo;760,0000;822,2000;0;0;0,624872;0,624872;0,000000;0,000000;SBFD33 MBLE INF LVP 2 PUERTAS CARB2 HDR V2001 Blanco.pdf
WLD1530;A;BASE - R16L B;351,0000;304,8000;2.0;0.0;base;351,0000;304,8000;2;0;0,106985;0,106985;0,702000;0,702000;WLD1530 MBLE SUP COC 1 PUERTA 2 ENTREPAÑOS CARB2 HDR V2001 Blanco.pdf
WLD1530;B;TAPA - R16L B;351,0000;304,8000;2.0;0.0;tapa;351,0000;304,8000;2;0;0,106985;0,106985;0,702000;0,702000;WLD1530 MBLE SUP COC 1 PUERTA 2 ENTREPAÑOS CARB2 HDR V2001 Blanco.pdf
WLD1530;C;SIDE R - R16L B;736,6000;304,8000;2.0;2.0;lateral;736,6000;304,8000;2;2;0,224516;0,224516;2,082800;2,082800;WLD1530 MBLE SUP COC 1 PUERTA 2 ENTREPAÑOS CARB2 HDR V2001 Blanco.pdf
WLD1530;D;SIDE L - R16L B;736,6000;304,8000;2.0;2.0;lateral;736,6000;304,8000;2;2;0,224516;0,224516;2,082800;2,082800;WLD1530 MBLE SUP COC 1 PUERTA 2 ENTREPAÑOS CARB2 HDR V2001 Blanco.pdf
WLD1530;E;RAIL TRASERO P;351,0000;80,0000;2.0;0.0;refuerzo_trasero;351,0000;80,0000;0;0;0,028080;0,028080;0,702000;0,000000;WLD1530 MBLE SUP COC 1 PUERTA 2 ENTREPAÑOS CARB2 HDR V2001 Blanco.pdf
WLD1530;F;RAIL TRASERO P;351,0000;80,0000;2.0;0.0;refuerzo_trasero;351,0000;80,0000;0;0;0,028080;0,028080;0,702000;0,000000;WLD1530 MBLE SUP COC 1 PUERTA 2 ENTREPAÑOS CARB2 HDR V2001 Blanco.pdf
WLD1530;G;SHELF 1 P;350,0000;266,7000;2.0;2.0;entrepano;350,0001;266,7000;0;0;0,093345;0,093345;1,233400;0,000000;WLD1530 MBLE SUP COC 1 PUERTA 2 ENTREPAÑOS CARB2 HDR V2001 Blanco.pdf
WLD1530;H;SHELF 2 P;350,0000;266,7000;2.0;2.0;entrepano;350,0001;266,7000;0;0;0,093345;0,093345;1,233400;0,000000;WLD1530 MBLE SUP COC 1 PUERTA 2 ENTREPAÑOS CARB2 HDR V2001 Blanco.pdf
WLD1530;I;DOOR C;758,8000;377,8000;2.0;2.0;frente;758,8000;377,8000;2;2;0,286675;0,286675;2,273200;2,273200;WLD1530 MBLE SUP COC 1 PUERTA 2 ENTREPAÑOS CARB2 HDR V2001 Blanco.pdf
WLD1530;J;BACKING F;720,6000;365,0000;0.0;0.0;fondo;720,6000;365,0000;0;0;0,263019;0,263019;0,000000;0,000000;WLD1530 MBLE SUP COC 1 PUERTA 2 ENTREPAÑOS CARB2 HDR V2001 Blanco.pdf
WLD2430;A;BASE - R16L B;579,6000;304,8000;2.0;0.0;base;579,6000;304,8000;2;0;0,176662;0,176662;1,159200;1,159200;WLD2430 MBLE SUP COC 2 PUERTAS 2 ENTREPAÑOS CARB2 HDR V2001 Blanco.pdf
WLD2430;B;TAPA - R16L B;579,6000;304,8000;2.0;0.0;tapa;579,6000;304,8000;2;0;0,176662;0,176662;1,159200;1,159200;WLD2430 MBLE SUP COC 2 PUERTAS 2 ENTREPAÑOS CARB2 HDR V2001 Blanco.pdf
WLD2430;C;SIDE R - R16L B;736,6000;304,8000;2.0;2.0;lateral;736,6000;304,8000;2;2;0,224516;0,224516;2,082800;2,082800;WLD2430 MBLE SUP COC 2 PUERTAS 2 ENTREPAÑOS CARB2 HDR V2001 Blanco.pdf
WLD2430;D;SIDE L - R16L B;736,6000;304,8000;2.0;2.0;lateral;736,6000;304,8000;2;2;0,224516;0,224516;2,082800;2,082800;WLD2430 MBLE SUP COC 2 PUERTAS 2 ENTREPAÑOS CARB2 HDR V2001 Blanco.pdf
WLD2430;E;RAIL TRASERO P;579,6000;80,0000;2.0;0.0;refuerzo_trasero;579,6000;80,0000;0;0;0,046368;0,046368;1,159200;0,000000;WLD2430 MBLE SUP COC 2 PUERTAS 2 ENTREPAÑOS CARB2 HDR V2001 Blanco.pdf
WLD2430;F;RAIL TRASERO P;579,6000;80,0000;2.0;0.0;refuerzo_trasero;579,6000;80,0000;0;0;0,046368;0,046368;1,159200;0,000000;WLD2430 MBLE SUP COC 2 PUERTAS 2 ENTREPAÑOS CARB2 HDR V2001 Blanco.pdf
WLD2430;G;SHELF 1 P;578,6000;266,7000;2.0;2.0;entrepano;578,6001;266,7000;0;0;0,154313;0,154313;1,690600;0,000000;WLD2430 MBLE SUP COC 2 PUERTAS 2 ENTREPAÑOS CARB2 HDR V2001 Blanco.pdf
WLD2430;H;SHELF 2 P;578,6000;266,7000;2.0;2.0;entrepano;578,6001;266,7000;0;0;0,154313;0,154313;1,690600;0,000000;WLD2430 MBLE SUP COC 2 PUERTAS 2 ENTREPAÑOS CARB2 HDR V2001 Blanco.pdf
WLD2430;I;DOOR R C;758,8000;301,6000;2.0;2.0;frente;758,8000;301,6000;2;2;0,228854;0,228854;2,120800;2,120800;WLD2430 MBLE SUP COC 2 PUERTAS 2 ENTREPAÑOS CARB2 HDR V2001 Blanco.pdf
WLD2430;J;DOOR L C;758,8000;301,6000;2.0;2.0;frente;758,8000;301,6000;2;2;0,228854;0,228854;2,120800;2,120800;WLD2430 MBLE SUP COC 2 PUERTAS 2 ENTREPAÑOS CARB2 HDR V2001 Blanco.pdf
WLD2430;K;BACKING F;720,6000;593,6000;0.0;0.0;fondo;720,6000;593,6000;0;0;0,427748;0,427748;0,000000;0,000000;WLD2430 MBLE SUP COC 2 PUERTAS 2 ENTREPAÑOS CARB2 HDR V2001 Blanco.pdf
WLD2730;A;BASE - R16L B;655,8000;304,8000;2.0;0.0;base;655,8000;304,8000;2;0;0,199888;0,199888;1,311600;1,311600;WLD2730 MBLE SUP COC 2 PUERTAS 2 ENTREPAÑOS CARB2 HDR V2001 Blanco.pdf
WLD2730;B;TAPA - R16L B;655,8000;304,8000;2.0;0.0;tapa;655,8000;304,8000;2;0;0,199888;0,199888;1,311600;1,311600;WLD2730 MBLE SUP COC 2 PUERTAS 2 ENTREPAÑOS CARB2 HDR V2001 Blanco.pdf
WLD2730;C;SIDE R - R16L B;736,6000;304,8000;2.0;2.0;lateral;736,6000;304,8000;2;2;0,224516;0,224516;2,082800;2,082800;WLD2730 MBLE SUP COC 2 PUERTAS 2 ENTREPAÑOS CARB2 HDR V2001 Blanco.pdf
WLD2730;D;SIDE L - R16L B;736,6000;304,8000;2.0;2.0;lateral;736,6000;304,8000;2;2;0,224516;0,224516;2,082800;2,082800;WLD2730 MBLE SUP COC 2 PUERTAS 2 ENTREPAÑOS CARB2 HDR V2001 Blanco.pdf
WLD2730;E;RAIL TRASERO P;655,8000;80,0000;2.0;0.0;refuerzo_trasero;655,8000;80,0000;0;0;0,052464;0,052464;1,311600;0,000000;WLD2730 MBLE SUP COC 2 PUERTAS 2 ENTREPAÑOS CARB2 HDR V2001 Blanco.pdf
WLD2730;F;RAIL TRASERO P;655,8000;80,0000;2.0;0.0;refuerzo_trasero;655,8000;80,0000;0;0;0,052464;0,052464;1,311600;0,000000;WLD2730 MBLE SUP COC 2 PUERTAS 2 ENTREPAÑOS CARB2 HDR V2001 Blanco.pdf
WLD2730;G;SHELF 1 P;654,8000;266,7000;2.0;2.0;entrepano;654,8001;266,7000;0;0;0,174635;0,174635;1,843000;0,000000;WLD2730 MBLE SUP COC 2 PUERTAS 2 ENTREPAÑOS CARB2 HDR V2001 Blanco.pdf
WLD2730;H;SHELF 2 P;654,8000;266,7000;2.0;2.0;entrepano;654,8001;266,7000;0;0;0,174635;0,174635;1,843000;0,000000;WLD2730 MBLE SUP COC 2 PUERTAS 2 ENTREPAÑOS CARB2 HDR V2001 Blanco.pdf
WLD2730;I;DOOR R C;758,8000;339,7000;2.0;2.0;frente;758,8000;339,7000;2;2;0,257764;0,257764;2,197000;2,197000;WLD2730 MBLE SUP COC 2 PUERTAS 2 ENTREPAÑOS CARB2 HDR V2001 Blanco.pdf
WLD2730;J;DOOR L C;758,8000;339,7000;2.0;2.0;frente;758,8000;339,7000;2;2;0,257764;0,257764;2,197000;2,197000;WLD2730 MBLE SUP COC 2 PUERTAS 2 ENTREPAÑOS CARB2 HDR V2001 Blanco.pdf
WLD2730;K;BACKING F;720,6000;669,8000;0.0;0.0;fondo;720,6000;669,8000;0;0;0,482658;0,482658;0,000000;0,000000;WLD2730 MBLE SUP COC 2 PUERTAS 2 ENTREPAÑOS CARB2 HDR V2001 Blanco.pdf
WLD3013;A;BASE - R16L B;732,0000;304,8000;2.0;0.0;base;732,0000;304,8000;2;0;0,223114;0,223114;1,464000;1,464000;WLD3013 MBLE SUP COC 2 PUERTAS CARB2 HDR V2001 BLANCO.pdf
WLD3013;B;TAPA - R16L B;732,0000;304,8000;2.0;0.0;tapa;732,0000;304,8000;2;0;0,223114;0,223114;1,464000;1,464000;WLD3013 MBLE SUP COC 2 PUERTAS CARB2 HDR V2001 BLANCO.pdf
WLD3013;C;SIDE R - R16L B;330,2000;304,8000;2.0;2.0;lateral;304,8000;304,8000;2;2;0,100645;0,092903;1,270000;1,219200;WLD3013 MBLE SUP COC 2 PUERTAS CARB2 HDR V2001 BLANCO.pdf
WLD3013;D;SIDE L - R16L B;330,2000;304,8000;2.0;2.0;lateral;304,8000;304,8000;2;2;0,100645;0,092903;1,270000;1,219200;WLD3013 MBLE SUP COC 2 PUERTAS CARB2 HDR V2001 BLANCO.pdf
WLD3013;E;RAIL TRASERO P;732,0000;80,0000;2.0;0.0;refuerzo_trasero;732,0000;80,0000;0;0;0,058560;0,058560;1,464000;0,000000;WLD3013 MBLE SUP COC 2 PUERTAS CARB2 HDR V2001 BLANCO.pdf
WLD3013;F;RAIL TRASERO P;732,0000;80,0000;2.0;0.0;refuerzo_trasero;732,0000;80,0000;0;0;0,058560;0,058560;1,464000;0,000000;WLD3013 MBLE SUP COC 2 PUERTAS CARB2 HDR V2001 BLANCO.pdf
WLD3013;I;DOOR R C;327,0000;377,8000;2.0;2.0;frente;327,0000;377,8000;2;2;0,123541;0,123541;1,409600;1,409600;WLD3013 MBLE SUP COC 2 PUERTAS CARB2 HDR V2001 BLANCO.pdf
WLD3013;J;DOOR L C;327,0000;377,8000;2.0;2.0;frente;327,0000;377,8000;2;2;0,123541;0,123541;1,409600;1,409600;WLD3013 MBLE SUP COC 2 PUERTAS CARB2 HDR V2001 BLANCO.pdf
WLD3013;K;BACKING F;314,2000;746,0000;0.0;0.0;fondo;288,8000;746,0000;0;0;0,234393;0,215445;0,000000;0,000000;WLD3013 MBLE SUP COC 2 PUERTAS CARB2 HDR V2001 BLANCO.pdf
WLD3013;;;0,0000;0,0000;0;0;entrepano;731,0001;266,7000;0;0;0,000000;0,194958;0,000000;0,000000;WLD3013 MBLE SUP COC 2 PUERTAS CARB2 HDR V2001 BLANCO.pdf
WLD3013;;;0,0000;0,0000;0;0;entrepano;731,0001;266,7000;0;0;0,000000;0,194958;0,000000;0,000000;WLD3013 MBLE SUP COC 2 PUERTAS CARB2 HDR V2001 BLANCO.pdf
WLD3330;A;BASE - R16L B;808,2000;304,8000;2.0;0.0;base;808,2000;304,8000;2;0;0,246339;0,246339;1,616400;1,616400;WLD3330 MBLE SUP COC 2 PUERTAS 2 ENTREPAÑOS CARB2 HDR V2001 Blanco.pdf
WLD3330;B;TAPA - R16L B;808,2000;304,8000;2.0;0.0;tapa;808,2000;304,8000;2;0;0,246339;0,246339;1,616400;1,616400;WLD3330 MBLE SUP COC 2 PUERTAS 2 ENTREPAÑOS CARB2 HDR V2001 Blanco.pdf
WLD3330;C;SIDE R - R16L B;736,6000;304,8000;2.0;2.0;lateral;736,6000;304,8000;2;2;0,224516;0,224516;2,082800;2,082800;WLD3330 MBLE SUP COC 2 PUERTAS 2 ENTREPAÑOS CARB2 HDR V2001 Blanco.pdf
WLD3330;D;SIDE L - R16L B;736,6000;304,8000;2.0;2.0;lateral;736,6000;304,8000;2;2;0,224516;0,224516;2,082800;2,082800;WLD3330 MBLE SUP COC 2 PUERTAS 2 ENTREPAÑOS CARB2 HDR V2001 Blanco.pdf
WLD3330;E;RAIL TRASERO P;808,2000;80,0000;2.0;0.0;refuerzo_trasero;808,2000;80,0000;0;0;0,064656;0,064656;1,616400;0,000000;WLD3330 MBLE SUP COC 2 PUERTAS 2 ENTREPAÑOS CARB2 HDR V2001 Blanco.pdf
WLD3330;F;RAIL TRASERO P;808,2000;80,0000;2.0;0.0;refuerzo_trasero;808,2000;80,0000;0;0;0,064656;0,064656;1,616400;0,000000;WLD3330 MBLE SUP COC 2 PUERTAS 2 ENTREPAÑOS CARB2 HDR V2001 Blanco.pdf
WLD3330;G;SHELF 1 P;807,2000;266,7000;2.0;2.0;entrepano;807,2001;266,7000;0;0;0,215280;0,215280;2,147800;0,000000;WLD3330 MBLE SUP COC 2 PUERTAS 2 ENTREPAÑOS CARB2 HDR V2001 Blanco.pdf
WLD3330;H;SHELF 2 P;807,2000;266,7000;2.0;2.0;entrepano;807,2001;266,7000;0;0;0,215280;0,215280;2,147800;0,000000;WLD3330 MBLE SUP COC 2 PUERTAS 2 ENTREPAÑOS CARB2 HDR V2001 Blanco.pdf
WLD3330;I;DOOR R C;758,8000;415,9000;2.0;2.0;frente;758,8000;415,9000;2;2;0,315585;0,315585;2,349400;2,349400;WLD3330 MBLE SUP COC 2 PUERTAS 2 ENTREPAÑOS CARB2 HDR V2001 Blanco.pdf
WLD3330;J;DOOR L C;758,8000;415,9000;2.0;2.0;frente;758,8000;415,9000;2;2;0,315585;0,315585;2,349400;2,349400;WLD3330 MBLE SUP COC 2 PUERTAS 2 ENTREPAÑOS CARB2 HDR V2001 Blanco.pdf
WLD3330;K;BACKING F;720,6000;822,2000;0.0;0.0;fondo;720,6000;822,2000;0;0;0,592477;0,592477;0,000000;0,000000;WLD3330 MBLE SUP COC 2 PUERTAS 2 ENTREPAÑOS CARB2 HDR V2001 Blanco.pdf
WLD3614;A;BASE - R16L B;884,4000;304,8000;2.0;0.0;base;884,4000;304,8000;2;0;0,269565;0,269565;1,768800;1,768800;WLD3614 MBLE SUP COC 2 PUERTAS CARB2 HDR V2001 BLANCO.pdf
WLD3614;B;TAPA - R16L B;884,4000;304,8000;2.0;0.0;tapa;884,4000;304,8000;2;0;0,269565;0,269565;1,768800;1,768800;WLD3614 MBLE SUP COC 2 PUERTAS CARB2 HDR V2001 BLANCO.pdf
WLD3614;C;SIDE R - R16L B;355,6000;304,8000;2.0;2.0;lateral;330,2000;304,8000;2;2;0,108387;0,100645;1,320800;1,270000;WLD3614 MBLE SUP COC 2 PUERTAS CARB2 HDR V2001 BLANCO.pdf
WLD3614;D;SIDE L - R16L B;355,6000;304,8000;2.0;2.0;lateral;330,2000;304,8000;2;2;0,108387;0,100645;1,320800;1,270000;WLD3614 MBLE SUP COC 2 PUERTAS CARB2 HDR V2001 BLANCO.pdf
WLD3614;E;RAIL TRASERO P;884,4000;80,0000;2.0;0.0;refuerzo_trasero;884,4000;80,0000;0;0;0,070752;0,070752;1,768800;0,000000;WLD3614 MBLE SUP COC 2 PUERTAS CARB2 HDR V2001 BLANCO.pdf
WLD3614;F;RAIL TRASERO P;884,4000;80,0000;2.0;0.0;refuerzo_trasero;884,4000;80,0000;0;0;0,070752;0,070752;1,768800;0,000000;WLD3614 MBLE SUP COC 2 PUERTAS CARB2 HDR V2001 BLANCO.pdf
WLD3614;I;DOOR R C;352,4000;454,0000;2.0;2.0;frente;352,4000;454,0000;2;2;0,159990;0,159990;1,612800;1,612800;WLD3614 MBLE SUP COC 2 PUERTAS CARB2 HDR V2001 BLANCO.pdf
WLD3614;J;DOOR L C;352,4000;454,0000;2.0;2.0;frente;352,4000;454,0000;2;2;0,159990;0,159990;1,612800;1,612800;WLD3614 MBLE SUP COC 2 PUERTAS CARB2 HDR V2001 BLANCO.pdf
WLD3614;K;BACKING F;339,6000;898,4000;0.0;0.0;fondo;314,2000;898,4000;0;0;0,305097;0,282277;0,000000;0,000000;WLD3614 MBLE SUP COC 2 PUERTAS CARB2 HDR V2001 BLANCO.pdf
WLD3614;;;0,0000;0,0000;0;0;entrepano;883,4001;266,7000;0;0;0,000000;0,235603;0,000000;0,000000;WLD3614 MBLE SUP COC 2 PUERTAS CARB2 HDR V2001 BLANCO.pdf
WLD3614;;;0,0000;0,0000;0;0;entrepano;883,4001;266,7000;0;0;0,000000;0,235603;0,000000;0,000000;WLD3614 MBLE SUP COC 2 PUERTAS CARB2 HDR V2001 BLANCO.pdf
F630;A;FILLER C;762,0000;152,4000;2.0;2.0;panel;152,4000;762,0000;2;2;0,116129;0,116129;1,828800;1,828800;F630 FILLER MBLE INF HDR V2001 TAURI AMAZONAS.pdf
F830;A;FILLER C;762,0000;203,2000;2.0;2.0;panel;203,2000;762,0000;2;2;0,154838;0,154838;1,930400;1,930400;F830 FILLER MBLE INF HDR V2001 TAURI AMAZONAS.pdf
PN12 7/814;A;PANEL C;355,6000;327,0300;2.0;2.0;panel;327,0250;355,6000;2;2;0,116292;0,116290;1,365260;1,365250;PN12 7_814 PANEL MBLE HDR V2001 TAURI AMAZONAS.pdf
PN12 7/830;A;PANEL C;762,0000;327,0300;2.0;2.0;panel;327,0250;762,0000;2;2;0,249197;0,249193;2,178060;2,178050;PN12 7_830 PANEL MUEBLE HDR V2001 TAURI AMAZONAS.pdf
PN1717;A;PANEL C;431,8000;431,8000;2.0;2.0;panel;431,8000;431,8000;2;2;0,186451;0,186451;1,727200;1,727200;PN1717 PANEL MBLE HDR V2001 TAURI AMAZONAS.pdf
PN21 7/834 1/2;A;PANEL C;844,5500;555,6300;2.0;2.0;panel;555,6250;876,3000;2;2;0,469257;0,486894;2,800360;2,863850;PN21 7_833 1_4 PANEL MUEBLE HDR V2001 TAURI AMAZONAS.pdf
PN24 7/835 1/4;A;PANEL C;895,3500;631,8300;2.0;2.0;panel;631,8250;895,3500;2;2;0,565709;0,565705;3,054360;3,054350;PN24 7_835 1_4 PANEL MUEBLE HDR V2001 TAURI AMAZONAS.pdf
PN49 1/235 1/4;A;PANEL C;895,3500;1257,3000;2.0;2.0;panel;1257,3000;895,3500;2;2;1,125724;1,125724;4,305300;4,305300;PN49 1_235 1_4 PANEL MBLE HDR V2001 TAURI AMAZONAS.pdf
TK4 1/296;A;Zócalo C;2438,4000;114,3000;2.0;2.0;panel;114,3000;2438,4000;2;2;0,278709;0,278709;5,105400;5,105400;TK4 1_296 ZOCALO MBLE COC TABLERO 18MM CARB2 HDR V2001 TAURI AMAZONAS.pdf
TK5 1/496;A;Zócalo C;2438,4000;133,3500;2.0;0.0;panel;133,3500;2438,4000;2;2;0,325161;0,325161;4,876800;5,143500;TK5 1_496 ZOCALO MBLE COC TABLERO 18MM CARB2 HDR V2001 TAURI AMAZONAS.pdf
