Modulo;Piezas_HDR;Piezas_PLUS;Delta_piezas;Tablero_HDR_m2;Tablero_PLUS_neto_m2;Delta_tablero_m2;Tablero_PLUS_con_merma_m2;Canto_HDR_m;Canto_PLUS_neto_m;Delta_canto_m;Canto_PLUS_guardado_m;Observacion
BFD15;9;9;0;1,978471;1,978471;0,000000;2,275241;12,385200;12,385200;0,000000;13,825200;"Las 9 piezas coinciden en dimensiones y aristas. La descripción guardada dice 2 entrepaños, pero el despiece tiene 1, igual que la HDR; el cálculo de este informe utiliza las piezas."
BFD24;10;10;0;2,639714;2,639714;0,000000;3,035670;16,639600;16,639600;0,000000;18,279600;Las 10 piezas coinciden en dimensiones y aristas. Se compara el despiece guardado, no la cantidad de entrepaños escrita en la descripción.
DB15-1S;18;18;0;2,358645;2,358575;-0,000070;2,712361;15,918320;16,709893;0,791573;19,009900;"Las 18 piezas corresponden. Los 3 traseros de gaveta llevan 2 cantos largos en PLUS y 1 en HDR: aproximadamente +0,792 m. Los frentes grandes miden 300,00 mm en PLUS frente a 300,08 mm en HDR. Los traseros tienen 263,982 frente a 264 mm y las bases 491,998 frente a 492 mm; son diferencias menores de precisión."
SBFD33;9;9;0;2,891116;2,891116;0,000000;3,324783;16,650800;16,650800;0,000000;18,090800;Las 9 piezas coinciden en dimensiones y aristas, incluido el refuerzo delantero de 128 mm.
WLD1530;10;10;0;1,455545;1,455545;0,000000;1,673877;11,713600;7,842800;-3,870800;8,802800;Coinciden las 10 piezas y sus dimensiones. PLUS asigna 0 aristas a los 2 refuerzos traseros y los 2 entrepaños. HDR exige 2 cantos largos por refuerzo y las 4 aristas por entrepaño.
WLD2430;11;11;0;2,089173;2,089173;0,000000;2,402548;16,425200;10,725600;-5,699600;11,885600;Coinciden las 11 piezas y sus dimensiones. PLUS asigna 0 aristas a los 2 refuerzos traseros y los 2 entrepaños. HDR exige 2 cantos largos por refuerzo y las 4 aristas por entrepaño.
WLD2730;11;11;0;2,301192;2,301192;0,000000;2,646371;17,492000;11,182800;-6,309200;12,342800;Coinciden las 11 piezas y sus dimensiones. PLUS asigna 0 aristas a los 2 refuerzos traseros y los 2 entrepaños. HDR exige 2 cantos largos por refuerzo y las 4 aristas por entrepaño.
WLD3013;9;11;2;1,246112;1,601595;0,355483;1,841834;11,215200;8,185600;-3,029600;9,345600;"PLUS añade 2 entrepaños de 731 × 266,7 mm, ausentes en HDR. Los laterales miden 304,8 × 304,8 mm frente a 330,2 × 304,8 mm; el fondo mide 288,8 × 746 frente a 314,2 × 746 mm: 25,4 mm menos de altura. Los 2 refuerzos traseros carecen de canto en PLUS, frente a 2 largos cada uno en HDR. Los entrepaños adicionales tampoco llevan canto."
WLD3330;11;11;0;2,725230;2,725230;0,000000;3,134014;19,625600;12,097200;-7,528400;13,257200;Coinciden las 11 piezas y sus dimensiones. PLUS asigna 0 aristas a los 2 refuerzos traseros y los 2 entrepaños. HDR exige 2 cantos largos por refuerzo y las 4 aristas por entrepaño.
WLD3614;9;11;2;1,522484;1,955386;0,432902;2,248694;12,942400;9,303200;-3,639200;10,463200;"PLUS añade 2 entrepaños de 883,4 × 266,7 mm, ausentes en HDR. Los laterales miden 330,2 × 304,8 mm frente a 355,6 × 304,8 mm; el fondo mide 314,2 × 898,4 frente a 339,6 × 898,4 mm: 25,4 mm menos de altura. Los 2 refuerzos traseros carecen de canto en PLUS, frente a 2 largos cada uno en HDR. Los entrepaños adicionales tampoco llevan canto."
F630;1;1;0;0,116129;0,116129;0,000000;0,133548;1,828800;1,828800;0,000000;2,028800;Pieza equivalente en cantidad, dimensiones y aristas. Las diferencias inferiores a 0,01 mm corresponden a la precisión decimal de las medidas en pulgadas frente a la HDR en milímetros.
F830;1;1;0;0,154838;0,154838;0,000000;0,178064;1,930400;1,930400;0,000000;2,130400;Pieza equivalente en cantidad, dimensiones y aristas. Las diferencias inferiores a 0,01 mm corresponden a la precisión decimal de las medidas en pulgadas frente a la HDR en milímetros.
PN12 7/814;1;1;0;0,116292;0,116290;-0,000002;0,133734;1,365260;1,365250;-0,000010;1,565300;Pieza equivalente en cantidad, dimensiones y aristas. Las diferencias inferiores a 0,01 mm corresponden a la precisión decimal de las medidas en pulgadas frente a la HDR en milímetros.
PN12 7/830;1;1;0;0,249197;0,249193;-0,000004;0,286572;2,178060;2,178050;-0,000010;2,378000;Pieza equivalente en cantidad, dimensiones y aristas. Las diferencias inferiores a 0,01 mm corresponden a la precisión decimal de las medidas en pulgadas frente a la HDR en milímetros.
PN1717;1;1;0;0,186451;0,186451;0,000000;0,214419;1,727200;1,727200;0,000000;1,927200;Pieza equivalente en cantidad, dimensiones y aristas. Las diferencias inferiores a 0,01 mm corresponden a la precisión decimal de las medidas en pulgadas frente a la HDR en milímetros.
PN21 7/834 1/2;1;1;0;0,469257;0,486894;0,017637;0,559928;2,800360;2,863850;0,063490;3,063800;"REFERENCIA DISTINTA. PLUS: PN21 7/8 × 34 1/2, panel de 555,625 × 876,3 mm. HDR disponible: PN21 7/8 × 33 1/4, panel de 555,63 × 844,55 mm. PLUS tiene 31,75 mm más de altura. La comparación es indicativa; se debe confirmar cuál altura corresponde al proyecto."
PN24 7/835 1/4;1;1;0;0,565709;0,565705;-0,000004;0,650560;3,054360;3,054350;-0,000010;3,254400;Pieza equivalente en cantidad, dimensiones y aristas. Las diferencias inferiores a 0,01 mm corresponden a la precisión decimal de las medidas en pulgadas frente a la HDR en milímetros.
PN49 1/235 1/4;1;1;0;1,125724;1,125724;0,000000;1,294582;4,305300;4,305300;0,000000;4,505300;Pieza equivalente en cantidad, dimensiones y aristas. Las diferencias inferiores a 0,01 mm corresponden a la precisión decimal de las medidas en pulgadas frente a la HDR en milímetros.
TK4 1/296;1;1;0;0,278709;0,278709;0,000000;0,320515;5,105400;5,105400;0,000000;5,305400;Pieza equivalente en cantidad, dimensiones y aristas. Las diferencias inferiores a 0,01 mm corresponden a la precisión decimal de las medidas en pulgadas frente a la HDR en milímetros.
TK5 1/496;1;1;0;0,325161;0,325161;0,000000;0,373935;4,876800;5,143500;0,266700;5,343500;Misma pieza y dimensiones. HDR pide únicamente los 2 cantos de 2438,4 mm. PLUS añade los 2 extremos de 133,35 mm: +0,2667 m netos.
