SKU;Hoja Excel;Fila;Consumo;Unidad;Excel;Proyecto;Diferencia proyecto menos Excel;Diferencia %
BFD15;CANTOS Y OTROS;2;Canto frente 22 mm;m;2.472792;2.4732;0.0004079999999997419;0.016499568099530484
BFD15;CANTOS Y OTROS;2;Canto caja + polar 19 mm;m;11.215879999999999;11.352;0.1361200000000018;1.2136363798471614
BFD15;CANTOS Y OTROS;2;tarugos;und;20;20;0;0.0
BFD15;CANTOS Y OTROS;2;soportes;und;4;4;0;0.0
BFD15;CANTOS Y OTROS;2;carton;und;0.7;0.7;0.0;0.0
BFD15;CANTOS Y OTROS;2;etiquetas;und;4;4;0;0.0
BFD15;CANTOS Y OTROS;2;pata;und;4;4;0;0.0
BFD15;CANTOS Y OTROS;2;bisagra;pares;1;1;0;0.0
BFD15;CANTOS Y OTROS;2;barra;pares;0;0;0;
BFD15;CANTOS Y OTROS;2;riel;pares;0;0;0;
BFD15;CANTOS Y OTROS;2;manija;und;1;1;0;0.0
BFD15;CANTOS Y OTROS;2;tornillo;und;16;16;0;0.0
BFD36;CANTOS Y OTROS;3;Canto frente 22 mm;m;5.276800000000001;5.2512;-0.025600000000000733;-0.48514251061250624
BFD36;CANTOS Y OTROS;3;Canto caja + polar 19 mm;m;16.549879999999998;16.686;0.1361200000000018;0.8224833050149113
BFD36;CANTOS Y OTROS;3;tarugos;und;20;20;0;0.0
BFD36;CANTOS Y OTROS;3;soportes;und;4;4;0;0.0
BFD36;CANTOS Y OTROS;3;carton;und;1.1;1.1;0.0;0.0
BFD36;CANTOS Y OTROS;3;etiquetas;und;4;4;0;0.0
BFD36;CANTOS Y OTROS;3;pata;und;4;4;0;0.0
BFD36;CANTOS Y OTROS;3;bisagra;pares;2;2;0;0.0
BFD36;CANTOS Y OTROS;3;barra;pares;0;0;0;
BFD36;CANTOS Y OTROS;3;riel;pares;0;0;0;
BFD36;CANTOS Y OTROS;3;manija;und;2;2;0;0.0
BFD36;CANTOS Y OTROS;3;tornillo;und;16;16;0;0.0
SBFD30;CANTOS Y OTROS;4;Canto frente 22 mm;m;4.9719999999999995;4.9464;-0.025599999999999845;-0.5148833467417507
SBFD30;CANTOS Y OTROS;4;Canto caja + polar 19 mm;m;12.142623999999998;12.3824;0.23977600000000265;1.9746637958978446
SBFD30;CANTOS Y OTROS;4;tarugos;und;20;20;0;0.0
SBFD30;CANTOS Y OTROS;4;soportes;und;0;0;0;
SBFD30;CANTOS Y OTROS;4;carton;und;0.9;0.9;0.0;0.0
SBFD30;CANTOS Y OTROS;4;etiquetas;und;4;4;0;0.0
SBFD30;CANTOS Y OTROS;4;pata;und;4;4;0;0.0
SBFD30;CANTOS Y OTROS;4;bisagra;pares;2;2;0;0.0
SBFD30;CANTOS Y OTROS;4;barra;pares;0;0;0;
SBFD30;CANTOS Y OTROS;4;riel;pares;0;0;0;
SBFD30;CANTOS Y OTROS;4;manija;und;2;2;0;0.0
SBFD30;CANTOS Y OTROS;4;tornillo;und;16;16;0;0.0
B12;CANTOS Y OTROS;5;Canto frente 22 mm;m;3.1431999999999998;3.1176;-0.025599999999999845;-0.8144566047340241
B12;CANTOS Y OTROS;5;Canto caja + polar 19 mm;m;11.489539999999998;11.4894;-0.00013999999999825263;-0.00121849960919456
B12;CANTOS Y OTROS;5;tarugos;und;24;24;0;0.0
B12;CANTOS Y OTROS;5;soportes;und;4;4;0;0.0
B12;CANTOS Y OTROS;5;carton;und;0.7;0.7;0.0;0.0
B12;CANTOS Y OTROS;5;etiquetas;und;4;4;0;0.0
B12;CANTOS Y OTROS;5;pata;und;4;4;0;0.0
B12;CANTOS Y OTROS;5;bisagra;pares;1;1;0;0.0
B12;CANTOS Y OTROS;5;barra;pares;0;0;0;
B12;CANTOS Y OTROS;5;riel;pares;1;1;0;0.0
B12;CANTOS Y OTROS;5;manija;und;2;2;0;0.0
B12;CANTOS Y OTROS;5;tornillo;und;16;16;0;0.0
B30;CANTOS Y OTROS;6;Canto frente 22 mm;m;6.695999999999999;6.3464;-0.3495999999999988;-5.221027479091978
B30;CANTOS Y OTROS;6;Canto caja + polar 19 mm;m;18.80474;18.3474;-0.4573399999999985;-2.432046388304218
B30;CANTOS Y OTROS;6;tarugos;und;24;24;0;0.0
B30;CANTOS Y OTROS;6;soportes;und;4;4;0;0.0
B30;CANTOS Y OTROS;6;carton;und;0.9;0.9;0.0;0.0
B30;CANTOS Y OTROS;6;etiquetas;und;4;4;0;0.0
B30;CANTOS Y OTROS;6;pata;und;4;4;0;0.0
B30;CANTOS Y OTROS;6;bisagra;pares;2;2;0;0.0
B30;CANTOS Y OTROS;6;barra;pares;0;0;0;
B30;CANTOS Y OTROS;6;riel;pares;1;1;0;0.0
B30;CANTOS Y OTROS;6;manija;und;3;3;0;0.0
B30;CANTOS Y OTROS;6;tornillo;und;16;16;0;0.0
DB30-2;CANTOS Y OTROS;7;Canto frente 22 mm;m;4.9719999999999995;4.9464;-0.025599999999999845;-0.5148833467417507
DB30-2;CANTOS Y OTROS;7;Canto caja + polar 19 mm;m;19.555488;19.4343;-0.12118800000000007;-0.619713504464834
DB30-2;CANTOS Y OTROS;7;tarugos;und;24;24;0;0.0
DB30-2;CANTOS Y OTROS;7;soportes;und;0;0;0;
DB30-2;CANTOS Y OTROS;7;carton;und;0.9;0.9;0.0;0.0
DB30-2;CANTOS Y OTROS;7;etiquetas;und;4;4;0;0.0
DB30-2;CANTOS Y OTROS;7;pata;und;4;4;0;0.0
DB30-2;CANTOS Y OTROS;7;bisagra;pares;0;0;0;
DB30-2;CANTOS Y OTROS;7;barra;pares;2;2;0;0.0
DB30-2;CANTOS Y OTROS;7;riel;pares;2;2;0;0.0
DB30-2;CANTOS Y OTROS;7;manija;und;2;2;0;0.0
DB30-2;CANTOS Y OTROS;7;tornillo;und;16;16;0;0.0
DB12-3;CANTOS Y OTROS;8;Canto frente 22 mm;m;3.9528000000000003;3.9144;-0.03840000000000021;-0.9714632665452391
DB12-3;CANTOS Y OTROS;8;Canto caja + polar 19 mm;m;12.771148;12.8095;0.03835199999999972;0.3003018992497755
DB12-3;CANTOS Y OTROS;8;tarugos;und;28;28;0;0.0
DB12-3;CANTOS Y OTROS;8;soportes;und;0;0;0;
DB12-3;CANTOS Y OTROS;8;carton;und;0.7;0.7;0.0;0.0
DB12-3;CANTOS Y OTROS;8;etiquetas;und;4;4;0;0.0
DB12-3;CANTOS Y OTROS;8;pata;und;4;4;0;0.0
DB12-3;CANTOS Y OTROS;8;bisagra;pares;0;0;0;
DB12-3;CANTOS Y OTROS;8;barra;pares;0;3;3;
DB12-3;CANTOS Y OTROS;8;riel;pares;3;3;0;0.0
DB12-3;CANTOS Y OTROS;8;manija;und;3;3;0;0.0
DB12-3;CANTOS Y OTROS;8;tornillo;und;16;16;0;0.0
DB20-4;CANTOS Y OTROS;9;Canto frente 22 mm;m;6.388;6.34;-0.04800000000000004;-0.7514088916718855
DB20-4;CANTOS Y OTROS;9;Canto caja + polar 19 mm;m;20.912408;20.5103;-0.40210799999999836;-1.922820174510742
DB20-4;CANTOS Y OTROS;9;tarugos;und;32;32;0;0.0
DB20-4;CANTOS Y OTROS;9;soportes;und;0;0;0;
DB20-4;CANTOS Y OTROS;9;carton;und;0.7;0.7;0.0;0.0
DB20-4;CANTOS Y OTROS;9;etiquetas;und;4;4;0;0.0
DB20-4;CANTOS Y OTROS;9;pata;und;4;4;0;0.0
DB20-4;CANTOS Y OTROS;9;bisagra;pares;0;0;0;
DB20-4;CANTOS Y OTROS;9;barra;pares;0;0;0;
DB20-4;CANTOS Y OTROS;9;riel;pares;4;4;0;0.0
DB20-4;CANTOS Y OTROS;9;manija;und;4;4;0;0.0
DB20-4;CANTOS Y OTROS;9;tornillo;und;16;16;0;0.0
DB19-1s;CANTOS Y OTROS;10;Canto frente 22 mm;m;5.0196000000000005;4.9812;-0.03840000000000021;-0.7650011953143718
DB19-1s;CANTOS Y OTROS;10;Canto caja + polar 19 mm;m;17.038348;17.0767;0.03835199999999972;0.22509224485847876
DB19-1s;CANTOS Y OTROS;10;tarugos;und;28;28;0;0.0
DB19-1s;CANTOS Y OTROS;10;soportes;und;0;0;0;
DB19-1s;CANTOS Y OTROS;10;carton;und;0.7;0.7;0.0;0.0
DB19-1s;CANTOS Y OTROS;10;etiquetas;und;4;4;0;0.0
DB19-1s;CANTOS Y OTROS;10;pata;und;4;4;0;0.0
DB19-1s;CANTOS Y OTROS;10;bisagra;pares;0;0;0;
DB19-1s;CANTOS Y OTROS;10;barra;pares;2;2;0;0.0
DB19-1s;CANTOS Y OTROS;10;riel;pares;3;3;0;0.0
DB19-1s;CANTOS Y OTROS;10;manija;und;3;3;0;0.0
DB19-1s;CANTOS Y OTROS;10;tornillo;und;16;16;0;0.0
DB24-2s;CANTOS Y OTROS;11;Canto frente 22 mm;m;5.7816;5.7432;-0.03840000000000021;-0.6641760066417637
DB24-2s;CANTOS Y OTROS;11;Canto caja + polar 19 mm;m;20.086348;20.1247;0.03835199999999972;0.19093565440566757
DB24-2s;CANTOS Y OTROS;11;tarugos;und;28;28;0;0.0
DB24-2s;CANTOS Y OTROS;11;soportes;und;0;0;0;
DB24-2s;CANTOS Y OTROS;11;carton;und;0.7;0.7;0.0;0.0
DB24-2s;CANTOS Y OTROS;11;etiquetas;und;4;4;0;0.0
DB24-2s;CANTOS Y OTROS;11;pata;und;4;4;0;0.0
DB24-2s;CANTOS Y OTROS;11;bisagra;pares;0;0;0;
DB24-2s;CANTOS Y OTROS;11;barra;pares;1;1;0;0.0
DB24-2s;CANTOS Y OTROS;11;riel;pares;3;3;0;0.0
DB24-2s;CANTOS Y OTROS;11;manija;und;3;3;0;0.0
DB24-2s;CANTOS Y OTROS;11;tornillo;und;16;16;0;0.0
W1236;CANTOS Y OTROS;12;Canto frente 22 mm;m;2.6384000000000003;2.6256;-0.012800000000000367;-0.48514251061250624
W1236;CANTOS Y OTROS;12;Canto caja + polar 19 mm;m;10.442552;10.5972;0.15464800000000167;1.4809406742719757
W1236;CANTOS Y OTROS;12;tarugos;und;24;24;0;0.0
W1236;CANTOS Y OTROS;12;soportes;und;8;8;0;0.0
W1236;CANTOS Y OTROS;12;carton;und;0.4;0.4;0.0;0.0
W1236;CANTOS Y OTROS;12;etiquetas;und;4;4;0;0.0
W1236;CANTOS Y OTROS;12;pata;und;0;0;0;
W1236;CANTOS Y OTROS;12;bisagra;pares;1;1;0;0.0
W1236;CANTOS Y OTROS;12;barra;pares;0;0;0;
W1236;CANTOS Y OTROS;12;riel;pares;0;0;0;
W1236;CANTOS Y OTROS;12;manija;und;1;1;0;0.0
W1236;CANTOS Y OTROS;12;tornillo;und;0;0;0;
W3036;CANTOS Y OTROS;13;Canto frente 22 mm;m;5.5816;5.556;-0.025599999999999845;-0.45864984950551535
W3036;CANTOS Y OTROS;13;Canto caja + polar 19 mm;m;15.928951999999999;16.0836;0.15464800000000167;0.9708611087534301
W3036;CANTOS Y OTROS;13;tarugos;und;24;24;0;0.0
W3036;CANTOS Y OTROS;13;soportes;und;8;8;0;0.0
W3036;CANTOS Y OTROS;13;carton;und;1.1;1.1;0.0;0.0
W3036;CANTOS Y OTROS;13;etiquetas;und;4;4;0;0.0
W3036;CANTOS Y OTROS;13;pata;und;0;0;0;
W3036;CANTOS Y OTROS;13;bisagra;pares;2;2;0;0.0
W3036;CANTOS Y OTROS;13;barra;pares;0;0;0;
W3036;CANTOS Y OTROS;13;riel;pares;0;0;0;
W3036;CANTOS Y OTROS;13;manija;und;2;2;0;0.0
W3036;CANTOS Y OTROS;13;tornillo;und;0;0;0;
W302024;CANTOS Y OTROS;14;Canto frente 22 mm;m;3.9560000000000004;3.9304;-0.02560000000000029;-0.6471183013144662
W302024;CANTOS Y OTROS;14;Canto caja + polar 19 mm;m;13.934187999999999;14.066;0.13181200000000182;0.9459611137728429
W302024;CANTOS Y OTROS;14;tarugos;und;24;24;0;0.0
W302024;CANTOS Y OTROS;14;soportes;und;4;4;0;0.0
W302024;CANTOS Y OTROS;14;carton;und;0.7;0.7;0.0;0.0
W302024;CANTOS Y OTROS;14;etiquetas;und;4;4;0;0.0
W302024;CANTOS Y OTROS;14;pata;und;0;0;0;
W302024;CANTOS Y OTROS;14;bisagra;pares;2;2;0;0.0
W302024;CANTOS Y OTROS;14;barra;pares;0;0;0;
W302024;CANTOS Y OTROS;14;riel;pares;0;0;0;
W302024;CANTOS Y OTROS;14;manija;und;2;2;0;0.0
W302024;CANTOS Y OTROS;14;tornillo;und;0;0;0;
UW1236;CANTOS Y OTROS;15;Canto frente 22 mm;m;2.2386039999999996;2.2336;-0.005003999999999564;-0.2235321655817449
UW1236;CANTOS Y OTROS;15;Canto caja + polar 19 mm;m;11.726116000000001;11.2468;-0.47931600000000074;-4.087593880190172
UW1236;CANTOS Y OTROS;15;tarugos;und;24;32;8;33.33333333333333
UW1236;CANTOS Y OTROS;15;soportes;und;12;8;-4;-33.33333333333333
UW1236;CANTOS Y OTROS;15;carton;und;0.4;0.4;0.0;0.0
UW1236;CANTOS Y OTROS;15;etiquetas;und;4;4;0;0.0
UW1236;CANTOS Y OTROS;15;pata;und;0;0;0;
UW1236;CANTOS Y OTROS;15;bisagra;pares;1;1;0;0.0
UW1236;CANTOS Y OTROS;15;barra;pares;0;0;0;
UW1236;CANTOS Y OTROS;15;riel;pares;0;0;0;
UW1236;CANTOS Y OTROS;15;manija;und;1;1;0;0.0
UW1236;CANTOS Y OTROS;15;tornillo;und;0;0;0;
UW3036;CANTOS Y OTROS;16;Canto frente 22 mm;m;4.782007999999999;4.7721;-0.009907999999999362;-0.2071932962052628
UW3036;CANTOS Y OTROS;16;Canto caja + polar 19 mm;m;18.126915999999998;17.6476;-0.4793159999999972;-2.6442225472882273
UW3036;CANTOS Y OTROS;16;tarugos;und;24;32;8;33.33333333333333
UW3036;CANTOS Y OTROS;16;soportes;und;12;8;-4;-33.33333333333333
UW3036;CANTOS Y OTROS;16;carton;und;1.1;1.1;0.0;0.0
UW3036;CANTOS Y OTROS;16;etiquetas;und;4;4;0;0.0
UW3036;CANTOS Y OTROS;16;pata;und;0;0;0;
UW3036;CANTOS Y OTROS;16;bisagra;pares;2;2;0;0.0
UW3036;CANTOS Y OTROS;16;barra;pares;0;0;0;
UW3036;CANTOS Y OTROS;16;riel;pares;0;0;0;
UW3036;CANTOS Y OTROS;16;manija;und;2;2;0;0.0
UW3036;CANTOS Y OTROS;16;tornillo;und;0;0;0;
BFD15;MADERA ;3;Madera caja;m²;1.338565419638;1.337054;-0.0015114196379999445;-0.11291339338563604
BFD15;MADERA ;3;Madera frente;m²;0.3295425247846;0.329676;0.00013347521540002516;0.04050318406926967
BFD15;MADERA ;3;Madera refuerzo;m²;0.29735230851999994;0.289501;-0.007851308519999933;-2.6404061091968463
BFD15;MADERA ;3;Madera fondo;m²;0.32073806820000006;0.31901;-0.0017280682000000436;-0.5387786394356175
BFD15;MADERA ;3;Madera total;m²;2.2861983211426;2.275241;-0.010957321142599952;-0.47928130474366215
BFD36;MADERA ;4;Madera caja;m²;1.749114598538;1.74534;-0.003774598538000218;-0.21580052794455098
BFD36;MADERA ;4;Madera frente;m²;0.80128872;0.792339;-0.008949719999999939;-1.1169157604015616
BFD36;MADERA ;4;Madera refuerzo;m²;0.7491901145200001;0.73042;-0.018770114520000103;-2.5053873718056145
BFD36;MADERA ;4;Madera fondo;m²;0.7881564881999998;0.785202;-0.002954488199999883;-0.3748606075358682
BFD36;MADERA ;4;Madera total;m²;4.087749921258;4.053300999999999;-0.03444892125800081;-0.8427355371925296
SBFD30;MADERA ;5;Madera caja;m²;1.6692342744279998;1.669093;-0.0001412744279998268;-0.008463427223134251
SBFD30;MADERA ;5;Madera frente;m²;0.6677406;0.659352;-0.008388599999999968;-1.2562662806484985
SBFD30;MADERA ;5;Madera refuerzo;m²;0.13898649622;0.134688;-0.004298496220000003;-3.092743782241957
SBFD30;MADERA ;5;Madera fondo;m²;0.6546083681999999;0.652004;-0.0026043681999998736;-0.3978513454023202
SBFD30;MADERA ;5;Madera total;m²;3.1305697388479996;3.115137;-0.015432738847999783;-0.4929690163579869
B12;MADERA ;6;Madera caja;m²;1.2538254278279999;1.253446;-0.0003794278279998231;-0.030261615339633476
B12;MADERA ;6;Madera frente;m²;0.26709624;0.262072;-0.005024239999999958;-1.8810598007669286
B12;MADERA ;6;Madera refuerzo;m²;0.347838274080125;0.323318;-0.024520274080125026;-7.049331803686661
B12;MADERA ;6;Madera fondo;m²;0.2539640082;0.252411;-0.0015530081999999834;-0.611507201751584
B12;MADERA ;6;Madera total;m²;2.1227239501081248;2.091247;-0.03147695010812468;-1.4828565017378423
B30;MADERA ;7;Madera caja;m²;1.562321585028;1.561343;-0.0009785850279999675;-0.06263659398794194
B30;MADERA ;7;Madera frente;m²;0.6677406;0.657132;-0.010608599999999968;-1.5887307136933067
B30;MADERA ;7;Madera refuerzo;m²;0.9762823397701248;0.943738;-0.03254433977012483;-3.333496719585004
B30;MADERA ;7;Madera fondo;m²;0.6546083681999999;0.652004;-0.0026043681999998736;-0.3978513454023202
B30;MADERA ;7;Madera total;m²;3.8609528929981245;3.814217;-0.046735892998124307;-1.2104756077930994
DB30-2;MADERA ;8;Madera caja;m²;1.562321585028;1.561343;-0.0009785850279999675;-0.06263659398794194
DB30-2;MADERA ;8;Madera frente;m²;0.6677406;0.659352;-0.008388599999999968;-1.2562662806484985
DB30-2;MADERA ;8;Madera refuerzo;m²;1.16142858439625;1.284307;0.12287841560375012;10.579937264728722
DB30-2;MADERA ;8;Madera fondo;m²;0.6546083681999999;0.652004;-0.0026043681999998736;-0.3978513454023202
DB30-2;MADERA ;8;Madera total;m²;4.04609913762425;4.157006;0.11090686237575031;2.7410811896436025
DB12-3;MADERA ;9;Madera caja;m²;1.2538254278279999;1.253446;-0.0003794278279998231;-0.030261615339633476
DB12-3;MADERA ;9;Madera frente;m²;0.26709624;0.260962;-0.0061342399999999575;-2.296640342072939
DB12-3;MADERA ;9;Madera refuerzo;m²;0.5719126364143751;0.584104;0.012191363585624893;2.1316828496847076
DB12-3;MADERA ;9;Madera fondo;m²;0.2539640082;0.252411;-0.0015530081999999834;-0.611507201751584
DB12-3;MADERA ;9;Madera total;m²;2.346798312442375;2.350923;0.004124687557625073;0.17575807583278863
DB20-4;MADERA ;10;Madera caja;m²;1.3909348310279999;1.390289;-0.0006458310279997548;-0.04643143687202367
DB20-4;MADERA ;10;Madera frente;m²;0.44516039999999996;0.435854;-0.009306399999999937;-2.090572297086609
DB20-4;MADERA ;10;Madera refuerzo;m²;1.3845851743725004;1.298221;-0.08636417437250032;-6.237548687580085
DB20-4;MADERA ;10;Madera fondo;m²;0.4320281681999999;0.430008;-0.0020201681999998944;-0.4676010382417224
DB20-4;MADERA ;10;Madera total;m²;3.6527085736005;3.5543720000000003;-0.09833657360049974;-2.692154920631095
DB12-1s;MADERA ;11;Madera caja;m²;1.2538254278279999;1.253446;-0.0003794278279998231;-0.030261615339633476
DB12-1s;MADERA ;11;Madera frente;m²;0.26709624;0.260962;-0.0061342399999999575;-2.296640342072939
DB12-1s;MADERA ;11;Madera refuerzo;m²;0.5719126364143751;0.559269;-0.012643636414375048;-2.210763604323335
DB12-1s;MADERA ;11;Madera fondo;m²;0.2539640082;0.252411;-0.0015530081999999834;-0.611507201751584
DB12-1s;MADERA ;11;Madera total;m²;2.346798312442375;2.326088;-0.020710312442374867;-0.8824922164197868
DB24-2s;MADERA ;12;Madera caja;m²;1.459489532628;1.458711;-0.0007785326279998728;-0.05334280312363898
DB24-2s;MADERA ;12;Madera frente;m²;0.53419248;0.524694;-0.009498479999999976;-1.7781006576505862
DB24-2s;MADERA ;12;Madera refuerzo;m²;1.305737297794375;1.303825;-0.001912297794375073;-0.14645348628742455
DB24-2s;MADERA ;12;Madera fondo;m²;0.5210602482;0.518806;-0.0022542481999999753;-0.4326271688902127
DB24-2s;MADERA ;12;Madera total;m²;3.8204795586223748;3.806036;-0.014443558622374564;-0.378056168100079
W1236;MADERA ;13;Madera caja;m²;0.8336963971199999;0.833677;-1.939711999987548e-05;-0.0023266407371895495
W1236;MADERA ;13;Madera frente;m²;0.32051548799999996;0.316041;-0.004474487999999943;-1.3960286374678854
W1236;MADERA ;13;Madera refuerzo;m²;0.2207624617;0.218515;-0.0022474617000000086;-1.0180452250320275
W1236;MADERA ;13;Madera fondo;m²;0.2997621843454;0.298377;-0.0013851843453999702;-0.4620944260947526
W1236;MADERA ;13;Madera total;m²;1.6747365311653999;1.66661;-0.008126531165399964;-0.4852423658391777
W3036;MADERA ;14;Madera caja;m²;1.15421188512;1.154192;-1.9885119999951684e-05;-0.0017228309859141924
W3036;MADERA ;14;Madera frente;m²;0.80128872;0.791778;-0.009510719999999973;-1.1869279777206863
W3036;MADERA ;14;Madera refuerzo;m²;0.5880197917;0.583091;-0.004928791699999935;-0.8382016676259325
W3036;MADERA ;14;Madera fondo;m²;0.7726560772653999;0.770737;-0.00191907726539986;-0.24837405954171712
W3036;MADERA ;14;Madera total;m²;3.3161764740854;3.299798;-0.01637847408539983;-0.493896335535551
W302024;MADERA ;15;Madera caja;m²;1.7386184582399997;1.738579;-3.94582399996235e-05;-0.002269516915146927
W302024;MADERA ;15;Madera frente;m²;0.44516039999999996;0.438641;-0.006519399999999953;-1.4645058275623692
W302024;MADERA ;15;Madera refuerzo;m²;0.6200935985200001;0.604443;-0.01565059852000017;-2.5239090610440136
W302024;MADERA ;15;Madera fondo;m²;0.4235316142254001;0.422087;-0.0014446142254000982;-0.3410876961433359
W302024;MADERA ;15;Madera total;m²;3.2274040709853997;3.20375;-0.023654070985399844;-0.732913216477964
UW1236;MADERA ;16;Madera caja;m²;0.8336963971199999;0.833677;-1.939711999987548e-05;-0.0023266407371895495
UW1236;MADERA ;16;Madera frente;m²;0.25107046559999996;0.248067;-0.0030034655999999493;-1.1962640021487059
UW1236;MADERA ;16;Madera refuerzo;m²;0.30505358343999994;0.307569;0.002515416560000039;0.8245818756280202
UW1236;MADERA ;16;Madera fondo;m²;0.2997621843454;0.298377;-0.0013851843453999702;-0.4620944260947526
UW1236;MADERA ;16;Madera total;m²;1.6895826305053998;1.68769;-0.0018926305053998949;-0.11201763507912946
UW3036;MADERA ;17;Madera caja;m²;1.15421188512;1.154192;-1.9885119999951684e-05;-0.0017228309859141924
UW3036;MADERA ;17;Madera frente;m²;0.6276761639999999;0.621483;-0.006193163999999918;-0.9866814059869125
UW3036;MADERA ;17;Madera refuerzo;m²;0.8125364394400001;0.82031;0.0077735605599998925;0.9567030083423002
UW3036;MADERA ;17;Madera fondo;m²;0.7726560772653999;0.770737;-0.00191907726539986;-0.24837405954171712
UW3036;MADERA ;17;Madera total;m²;3.3670805658254;3.366722;-0.0003585658253997259;-0.010649160849877904
